Fecha,Agua embalsada,Status
1988-03-01,23337.0,Real
1988-10-01,23555.0,Real
1988-01-17,24334.0,Real
1988-01-24,25230.0,Real
1988-01-31,27549.0,Real
1988-07-02,28249.0,Real
1988-02-14,28313.0,Real
1988-02-21,27976.0,Real
1988-02-28,27578.0,Real
1988-06-03,27205.0,Real
1988-03-13,27200.0,Real
1988-03-20,27128.0,Real
1988-03-27,26945.0,Real
1988-03-04,26874.0,Real
1988-10-04,27256.0,Real
1988-04-17,27825.0,Real
1988-04-24,28582.0,Real
1988-01-05,28920.0,Real
1988-08-05,29374.0,Real
1988-05-15,29930.0,Real
1988-05-22,30154.0,Real
1988-05-29,30255.0,Real
1988-05-06,30046.0,Real
1988-12-06,30030.0,Real
1988-06-19,30441.0,Real
1988-06-26,30302.0,Real
1988-03-07,30363.0,Real
1988-10-07,30329.0,Real
1988-07-17,29672.0,Real
1988-07-24,29008.0,Real
1988-07-31,28129.0,Real
1988-07-08,27277.0,Real
1988-08-14,26460.0,Real
1988-08-21,25464.0,Real
1988-08-28,24615.0,Real
1988-04-09,23685.0,Real
1988-11-09,22823.0,Real
1988-09-18,22064.0,Real
1988-09-25,21410.0,Real
1988-02-10,20849.0,Real
1988-09-10,20286.0,Real
1988-10-16,20034.0,Real
1988-10-23,19990.0,Real
1988-10-30,19664.0,Real
1988-06-11,19353.0,Real
1988-11-13,19679.0,Real
1988-11-20,19506.0,Real
1988-11-27,19112.0,Real
1988-04-12,19016.0,Real
1988-11-12,18945.0,Real
1988-12-18,18810.0,Real
1988-12-25,18661.0,Real
1989-01-01,18512.0,Real
1989-08-01,18441.0,Real
1989-01-15,18427.0,Real
1989-01-22,18301.0,Real
1989-01-29,18210.0,Real
1989-05-02,18126.0,Real
1989-12-02,18198.0,Real
1989-02-19,18211.0,Real
1989-02-26,18470.0,Real
1989-05-03,19475.0,Real
1989-12-03,19902.0,Real
1989-03-19,20049.0,Real
1989-03-26,20114.0,Real
1989-02-04,20235.0,Real
1989-09-04,20826.0,Real
1989-04-16,21896.0,Real
1989-04-23,22509.0,Real
1989-04-30,22946.0,Real
1989-07-05,23222.0,Real
1989-05-14,23126.0,Real
1989-05-21,22923.0,Real
1989-05-28,23001.0,Real
1989-04-06,23416.0,Real
1989-11-06,23447.0,Real
1989-06-18,23238.0,Real
1989-06-25,22781.0,Real
1989-02-07,22134.0,Real
1989-09-07,21427.0,Real
1989-07-16,20709.0,Real
1989-07-23,19994.0,Real
1989-07-30,19279.0,Real
1989-06-08,18711.0,Real
1989-08-13,18266.0,Real
1989-08-20,17611.0,Real
1989-08-27,17225.0,Real
1989-03-09,16752.0,Real
1989-10-09,16596.0,Real
1989-09-17,16374.0,Real
1989-09-24,16147.0,Real
1989-01-10,15876.0,Real
1989-08-10,15585.0,Real
1989-10-15,15425.0,Real
1989-10-22,15306.0,Real
1989-10-29,15138.0,Real
1989-05-11,15005.0,Real
1989-12-11,14989.0,Real
1989-11-19,15739.0,Real
1989-11-26,17765.0,Real
1989-03-12,18865.0,Real
1989-10-12,20415.0,Real
1989-12-17,23671.0,Real
1989-12-24,26469.0,Real
1989-12-31,27503.0,Real
1990-07-01,27958.0,Real
1990-01-14,27701.0,Real
1990-01-21,27438.0,Real
1990-01-28,27531.0,Real
1990-04-02,28641.0,Real
1990-11-02,28542.0,Real
1990-02-18,30190.0,Real
1990-02-25,29878.0,Real
1990-04-03,29686.0,Real
1990-11-03,29440.0,Real
1990-03-18,29206.0,Real
1990-03-25,28978.0,Real
1990-01-04,28671.0,Real
1990-08-04,28813.0,Real
1990-04-15,29036.0,Real
1990-04-22,29285.0,Real
1990-04-29,29710.0,Real
1990-06-05,29648.0,Real
1990-05-13,29541.0,Real
1990-05-20,29427.0,Real
1990-05-27,29616.0,Real
1990-03-06,29393.0,Real
1990-10-06,29072.0,Real
1990-06-17,28906.0,Real
1990-06-24,28502.0,Real
1990-01-07,27952.0,Real
1990-08-07,27143.0,Real
1990-07-15,26300.0,Real
1990-07-22,25391.0,Real
1990-07-29,24633.0,Real
1990-05-08,23802.0,Real
1990-12-08,23114.0,Real
1990-08-19,22420.0,Real
1990-08-26,21824.0,Real
1990-02-09,21282.0,Real
1990-09-09,20715.0,Real
1990-09-16,20311.0,Real
1990-09-23,19990.0,Real
1990-09-30,19703.0,Real
1990-07-10,19525.0,Real
1990-10-14,19415.0,Real
1990-10-21,19583.0,Real
1990-10-28,20006.0,Real
1990-04-11,20410.0,Real
1990-11-11,20881.0,Real
1990-11-18,20916.0,Real
1990-11-25,20922.0,Real
1990-02-12,20923.0,Real
1990-09-12,20886.0,Real
1990-12-16,21079.0,Real
1990-12-23,21043.0,Real
1990-12-30,21394.0,Real
1991-06-01,22127.0,Real
1991-01-13,23171.0,Real
1991-01-20,23460.0,Real
1991-01-27,23423.0,Real
1991-03-02,23322.0,Real
1991-10-02,23567.0,Real
1991-02-17,23697.0,Real
1991-02-24,24075.0,Real
1991-03-03,24648.0,Real
1991-10-03,27968.0,Real
1991-03-17,29708.0,Real
1991-03-24,30180.0,Real
1991-03-31,30229.0,Real
1991-07-04,30098.0,Real
1991-04-14,30032.0,Real
1991-04-21,30504.0,Real
1991-04-28,30298.0,Real
1991-05-05,30172.0,Real
1991-12-05,29892.0,Real
1991-05-19,29671.0,Real
1991-05-26,29357.0,Real
1991-02-06,29081.0,Real
1991-09-06,28787.0,Real
1991-06-16,28491.0,Real
1991-06-23,27925.0,Real
1991-06-30,27203.0,Real
1991-07-07,26613.0,Real
1991-07-14,25715.0,Real
1991-07-21,24974.0,Real
1991-07-28,24077.0,Real
1991-04-08,23395.0,Real
1991-11-08,22699.0,Real
1991-08-18,22039.0,Real
1991-08-25,21371.0,Real
1991-01-09,20705.0,Real
1991-08-09,20221.0,Real
1991-09-15,19839.0,Real
1991-09-22,19366.0,Real
1991-09-29,19071.0,Real
1991-06-10,18894.0,Real
1991-10-13,18841.0,Real
1991-10-20,18783.0,Real
1991-10-27,18568.0,Real
1991-03-11,18646.0,Real
1991-10-11,18650.0,Real
1991-11-17,19050.0,Real
1991-11-24,19473.0,Real
1991-01-12,19685.0,Real
1991-08-12,19821.0,Real
1991-12-15,19628.0,Real
1991-12-22,19499.0,Real
1991-12-29,19479.0,Real
1992-05-01,19364.0,Real
1992-12-01,19477.0,Real
1992-01-19,19474.0,Real
1992-01-26,19486.0,Real
1992-02-02,19433.0,Real
1992-09-02,19378.0,Real
1992-02-16,19555.0,Real
1992-02-23,19543.0,Real
1992-01-03,19623.0,Real
1992-08-03,19693.0,Real
1992-03-15,19719.0,Real
1992-03-22,19630.0,Real
1992-03-29,19632.0,Real
1992-05-04,20688.0,Real
1992-12-04,21652.0,Real
1992-04-19,22170.0,Real
1992-04-26,22523.0,Real
1992-03-05,22599.0,Real
1992-10-05,22684.0,Real
1992-05-17,22504.0,Real
1992-05-24,22385.0,Real
1992-05-31,22443.0,Real
1992-07-06,22714.0,Real
1992-06-14,22894.0,Real
1992-06-21,23150.0,Real
1992-06-28,23351.0,Real
1992-05-07,23157.0,Real
1992-12-07,22742.0,Real
1992-07-19,22160.0,Real
1992-07-26,21562.0,Real
1992-02-08,21038.0,Real
1992-09-08,20544.0,Real
1992-08-16,20261.0,Real
1992-08-23,19718.0,Real
1992-08-30,19227.0,Real
1992-06-09,18956.0,Real
1992-09-13,18784.0,Real
1992-09-20,18381.0,Real
1992-09-27,18292.0,Real
1992-04-10,18371.0,Real
1992-11-10,18414.0,Real
1992-10-18,18640.0,Real
1992-10-25,18864.0,Real
1992-01-11,19102.0,Real
1992-08-11,19538.0,Real
1992-11-15,19491.0,Real
1992-11-22,19673.0,Real
1992-11-29,19581.0,Real
1992-06-12,20110.0,Real
1992-12-13,20806.0,Real
1992-12-20,20898.0,Real
1992-12-27,20730.0,Real
1993-03-01,20424.0,Real
1993-10-01,20526.0,Real
1993-01-17,20567.0,Real
1993-01-24,20429.0,Real
1993-01-31,20279.0,Real
1993-07-02,20245.0,Real
1993-02-14,20174.0,Real
1993-02-21,20202.0,Real
1993-02-28,20144.0,Real
1993-07-03,19981.0,Real
1993-03-14,20046.0,Real
1993-03-21,20319.0,Real
1993-03-28,20470.0,Real
1993-04-04,20513.0,Real
1993-11-04,20689.0,Real
1993-04-18,20639.0,Real
1993-04-25,20795.0,Real
1993-02-05,21434.0,Real
1993-09-05,21824.0,Real
1993-05-16,22231.0,Real
1993-05-23,22612.0,Real
1993-05-30,23527.0,Real
1993-06-06,23715.0,Real
1993-06-13,23936.0,Real
1993-06-20,23785.0,Real
1993-06-27,23658.0,Real
1993-04-07,23350.0,Real
1993-11-07,22782.0,Real
1993-07-18,22099.0,Real
1993-07-25,21455.0,Real
1993-01-08,20924.0,Real
1993-08-08,20024.0,Real
1993-08-15,19565.0,Real
1993-08-22,18873.0,Real
1993-08-29,18644.0,Real
1993-05-09,18168.0,Real
1993-12-09,17781.0,Real
1993-09-19,17535.0,Real
1993-09-26,17696.0,Real
1993-03-10,17708.0,Real
1993-10-10,17937.0,Real
1993-10-17,20406.0,Real
1993-10-24,20897.0,Real
1993-10-31,21103.0,Real
1993-07-11,21980.0,Real
1993-11-14,22116.0,Real
1993-11-21,21661.0,Real
1993-11-28,21140.0,Real
1993-05-12,21046.0,Real
1993-12-12,21021.0,Real
1993-12-19,20902.0,Real
1993-12-26,21211.0,Real
1994-02-01,21868.0,Real
1994-09-01,23051.0,Real
1994-01-16,24191.0,Real
1994-01-23,24178.0,Real
1994-01-30,24405.0,Real
1994-06-02,24456.0,Real
1994-02-13,24469.0,Real
1994-02-20,24351.0,Real
1994-02-27,24773.0,Real
1994-06-03,25396.0,Real
1994-03-13,25635.0,Real
1994-03-20,25604.0,Real
1994-03-27,25518.0,Real
1994-03-04,25556.0,Real
1994-10-04,25521.0,Real
1994-04-17,25161.0,Real
1994-04-24,24996.0,Real
1994-01-05,24921.0,Real
1994-08-05,24734.0,Real
1994-05-15,24755.0,Real
1994-05-22,25802.0,Real
1994-05-29,26671.0,Real
1994-05-06,26520.0,Real
1994-12-06,26183.0,Real
1994-06-19,25743.0,Real
1994-06-26,25061.0,Real
1994-03-07,24427.0,Real
1994-10-07,23734.0,Real
1994-07-17,22915.0,Real
1994-07-24,22251.0,Real
1994-07-31,21436.0,Real
1994-07-08,20739.0,Real
1994-08-14,20100.0,Real
1994-08-21,19478.0,Real
1994-08-28,18936.0,Real
1994-04-09,18398.0,Real
1994-11-09,17846.0,Real
1994-09-18,17455.0,Real
1994-09-25,17291.0,Real
1994-02-10,17226.0,Real
1994-09-10,17100.0,Real
1994-10-16,17294.0,Real
1994-10-23,17332.0,Real
1994-10-30,17421.0,Real
1994-06-11,17958.0,Real
1994-11-13,18671.0,Real
1994-11-20,18606.0,Real
1994-11-27,18459.0,Real
1994-04-12,18280.0,Real
1994-11-12,18297.0,Real
1994-12-18,18212.0,Real
1994-12-25,18232.0,Real
1995-01-01,18877.0,Real
1995-08-01,19381.0,Real
1995-01-15,19585.0,Real
1995-01-22,19863.0,Real
1995-01-29,20390.0,Real
1995-05-02,20520.0,Real
1995-12-02,20638.0,Real
1995-02-19,21764.0,Real
1995-02-26,22013.0,Real
1995-05-03,22216.0,Real
1995-12-03,22530.0,Real
1995-03-19,22495.0,Real
1995-03-26,22266.0,Real
1995-02-04,21991.0,Real
1995-09-04,21690.0,Real
1995-04-16,21326.0,Real
1995-04-23,20965.0,Real
1995-04-30,20755.0,Real
1995-07-05,20628.0,Real
1995-05-14,20467.0,Real
1995-05-21,20533.0,Real
1995-05-28,20334.0,Real
1995-04-06,19958.0,Real
1995-11-06,19670.0,Real
1995-06-18,19264.0,Real
1995-06-25,18829.0,Real
1995-02-07,18444.0,Real
1995-09-07,18056.0,Real
1995-07-16,17600.0,Real
1995-07-23,17000.0,Real
1995-07-30,16421.0,Real
1995-06-08,15855.0,Real
1995-08-13,15355.0,Real
1995-08-20,14944.0,Real
1995-08-27,14498.0,Real
1995-03-09,14327.0,Real
1995-10-09,13786.0,Real
1995-09-17,13553.0,Real
1995-09-24,13481.0,Real
1995-01-10,13350.0,Real
1995-08-10,13231.0,Real
1995-10-15,13040.0,Real
1995-10-22,12853.0,Real
1995-10-29,12817.0,Real
1995-05-11,12765.0,Real
1995-12-11,12929.0,Real
1995-11-19,13807.0,Real
1995-11-26,14357.0,Real
1995-03-12,14687.0,Real
1995-10-12,15165.0,Real
1995-12-17,15711.0,Real
1995-12-24,17855.0,Real
1995-12-31,22590.0,Real
1996-07-01,25339.0,Real
1996-01-14,28844.0,Real
1996-01-21,30115.0,Real
1996-01-28,32538.0,Real
1996-04-02,33750.0,Real
1996-11-02,34550.0,Real
1996-02-18,34534.0,Real
1996-02-25,34266.0,Real
1996-03-03,34387.0,Real
1996-10-03,34333.0,Real
1996-03-17,34283.0,Real
1996-03-24,34564.0,Real
1996-03-31,35268.0,Real
1996-07-04,35827.0,Real
1996-04-14,35815.0,Real
1996-04-21,35856.0,Real
1996-04-28,36153.0,Real
1996-05-05,36060.0,Real
1996-12-05,36644.0,Real
1996-05-19,37094.0,Real
1996-05-26,37209.0,Real
1996-02-06,37040.0,Real
1996-09-06,36695.0,Real
1996-06-16,36149.0,Real
1996-06-23,35706.0,Real
1996-06-30,35000.0,Real
1996-07-07,34322.0,Real
1996-07-14,33693.0,Real
1996-07-21,32789.0,Real
1996-07-28,32017.0,Real
1996-04-08,31514.0,Real
1996-11-08,30836.0,Real
1996-08-18,30263.0,Real
1996-08-25,29713.0,Real
1996-01-09,29228.0,Real
1996-08-09,28712.0,Real
1996-09-15,27921.0,Real
1996-09-22,27579.0,Real
1996-09-29,27232.0,Real
1996-06-10,26897.0,Real
1996-10-13,26658.0,Real
1996-10-20,26531.0,Real
1996-10-27,26209.0,Real
1996-03-11,25845.0,Real
1996-10-11,25460.0,Real
1996-11-17,25728.0,Real
1996-11-24,26437.0,Real
1996-01-12,27113.0,Real
1996-08-12,27312.0,Real
1996-12-15,29157.0,Real
1996-12-22,30942.0,Real
1996-12-29,34007.0,Real
1997-05-01,34853.0,Real
1997-12-01,36859.0,Real
1997-01-19,37818.0,Real
1997-01-26,38920.0,Real
1997-02-02,38845.0,Real
1997-09-02,38672.0,Real
1997-02-16,38858.0,Real
1997-02-23,38985.0,Real
1997-02-03,39062.0,Real
1997-09-03,38960.0,Real
1997-03-16,38846.0,Real
1997-03-23,38709.0,Real
1997-03-30,38473.0,Real
1997-06-04,38044.0,Real
1997-04-13,37714.0,Real
1997-04-20,37498.0,Real
1997-04-27,37458.0,Real
1997-04-05,37237.0,Real
1997-11-05,36987.0,Real
1997-05-18,36999.0,Real
1997-05-25,36923.0,Real
1997-01-06,37173.0,Real
1997-08-06,37637.0,Real
1997-06-15,37714.0,Real
1997-06-22,37384.0,Real
1997-06-29,37006.0,Real
1997-06-07,36716.0,Real
1997-07-13,36332.0,Real
1997-07-20,35790.0,Real
1997-07-27,35244.0,Real
1997-03-08,34465.0,Real
1997-10-08,33822.0,Real
1997-08-17,33250.0,Real
1997-08-24,32678.0,Real
1997-08-31,32192.0,Real
1997-07-09,31685.0,Real
1997-09-14,30990.0,Real
1997-09-21,30625.0,Real
1997-09-28,30323.0,Real
1997-05-10,30193.0,Real
1997-12-10,30027.0,Real
1997-10-19,29685.0,Real
1997-10-26,29672.0,Real
1997-02-11,29847.0,Real
1997-09-11,31908.0,Real
1997-11-16,33306.0,Real
1997-11-23,33824.0,Real
1997-11-30,35728.0,Real
1997-07-12,36094.0,Real
1997-12-14,36076.0,Real
1997-12-21,39591.0,Real
1997-12-28,40604.0,Real
1998-04-01,40881.0,Real
1998-11-01,40326.0,Real
1998-01-18,40212.0,Real
1998-01-25,40048.0,Real
1998-01-02,40113.0,Real
1998-08-02,41346.0,Real
1998-02-15,40603.0,Real
1998-02-22,40420.0,Real
1998-01-03,40338.0,Real
1998-08-03,40254.0,Real
1998-03-15,40201.0,Real
1998-03-22,40046.0,Real
1998-03-29,39786.0,Real
1998-05-04,40178.0,Real
1998-12-04,40574.0,Real
1998-04-19,40892.0,Real
1998-04-26,41356.0,Real
1998-03-05,41726.0,Real
1998-10-05,41724.0,Real
1998-05-17,41787.0,Real
1998-05-24,41757.0,Real
1998-05-31,41981.0,Real
1998-07-06,42346.0,Real
1998-06-14,42286.0,Real
1998-06-21,41694.0,Real
1998-06-28,40865.0,Real
1998-05-07,40063.0,Real
1998-12-07,39159.0,Real
1998-07-19,38239.0,Real
1998-07-26,37131.0,Real
1998-02-08,36066.0,Real
1998-09-08,35136.0,Real
1998-08-16,34269.0,Real
1998-08-23,33571.0,Real
1998-08-30,32684.0,Real
1998-06-09,31933.0,Real
1998-09-13,31250.0,Real
1998-09-20,30683.0,Real
1998-09-27,30697.0,Real
1998-04-10,30636.0,Real
1998-11-10,30513.0,Real
1998-10-18,30675.0,Real
1998-10-25,30405.0,Real
1998-01-11,30070.0,Real
1998-08-11,29962.0,Real
1998-11-15,29847.0,Real
1998-11-22,29563.0,Real
1998-11-29,29503.0,Real
1998-06-12,29490.0,Real
1998-12-13,29497.0,Real
1998-12-20,29471.0,Real
1998-12-27,29461.0,Real
1999-03-01,29769.0,Real
1999-10-01,30021.0,Real
1999-01-17,30221.0,Real
1999-01-24,30653.0,Real
1999-01-31,30924.0,Real
1999-07-02,31025.0,Real
1999-02-14,31074.0,Real
1999-02-21,31159.0,Real
1999-02-28,31745.0,Real
1999-07-03,32106.0,Real
1999-03-14,32544.0,Real
1999-03-21,32785.0,Real
1999-03-28,32818.0,Real
1999-04-04,32999.0,Real
1999-11-04,32947.0,Real
1999-04-18,32587.0,Real
1999-04-25,32586.0,Real
1999-02-05,32758.0,Real
1999-09-05,33215.0,Real
1999-05-16,33239.0,Real
1999-05-23,33647.0,Real
1999-05-30,33279.0,Real
1999-06-06,32781.0,Real
1999-06-13,31993.0,Real
1999-06-20,31462.0,Real
1999-06-27,30601.0,Real
1999-04-07,29688.0,Real
1999-11-07,28843.0,Real
1999-07-18,28074.0,Real
1999-07-25,27244.0,Real
1999-01-08,26525.0,Real
1999-08-08,26014.0,Real
1999-08-15,25395.0,Real
1999-08-22,24753.0,Real
1999-08-29,24104.0,Real
1999-05-09,23458.0,Real
1999-12-09,23258.0,Real
1999-09-19,23011.0,Real
1999-09-26,23451.0,Real
1999-03-10,23398.0,Real
1999-10-10,23194.0,Real
1999-10-17,23086.0,Real
1999-10-24,24972.0,Real
1999-10-31,26534.0,Real
1999-07-11,26893.0,Real
1999-11-14,26889.0,Real
1999-11-21,27023.0,Real
1999-11-28,26793.0,Real
1999-05-12,26610.0,Real
1999-12-12,26527.0,Real
1999-12-19,27021.0,Real
1999-12-26,27242.0,Real
2000-02-01,27726.0,Real
2000-09-01,27734.0,Real
2000-01-16,27643.0,Real
2000-01-23,27532.0,Real
2000-01-30,27346.0,Real
2000-06-02,27342.0,Real
2000-02-13,27455.0,Real
2000-02-20,27623.0,Real
2000-02-27,27681.0,Real
2000-05-03,27518.0,Real
2000-12-03,27351.0,Real
2000-03-19,27205.0,Real
2000-03-26,26976.0,Real
2000-02-04,27004.0,Real
2000-09-04,27617.0,Real
2000-04-16,29186.0,Real
2000-04-23,31384.0,Real
2000-04-30,32537.0,Real
2000-07-05,33375.0,Real
2000-05-14,34105.0,Real
2000-05-21,34631.0,Real
2000-05-28,34639.0,Real
2000-04-06,34499.0,Real
2000-11-06,34410.0,Real
2000-06-18,34071.0,Real
2000-06-25,33441.0,Real
2000-02-07,32655.0,Real
2000-09-07,31954.0,Real
2000-07-16,31220.0,Real
2000-07-23,30460.0,Real
2000-07-30,29634.0,Real
2000-06-08,28849.0,Real
2000-08-13,28075.0,Real
2000-08-20,27315.0,Real
2000-08-27,26555.0,Real
2000-03-09,25705.0,Real
2000-10-09,24778.0,Real
2000-09-17,23914.0,Real
2000-09-24,23336.0,Real
2000-01-10,22813.0,Real
2000-08-10,22349.0,Real
2000-10-15,22136.0,Real
2000-10-22,22083.0,Real
2000-10-29,22318.0,Real
2000-05-11,22708.0,Real
2000-12-11,23480.0,Real
2000-11-19,23719.0,Real
2000-11-26,24840.0,Real
2000-03-12,26084.0,Real
2000-10-12,28215.0,Real
2000-12-17,28600.0,Real
2000-12-24,29744.0,Real
2000-12-31,32330.0,Real
2001-07-01,34364.0,Real
2001-01-14,35812.0,Real
2001-01-21,36201.0,Real
2001-01-28,37435.0,Real
2001-04-02,37886.0,Real
2001-11-02,38677.0,Real
2001-02-18,38753.0,Real
2001-02-25,38441.0,Real
2001-04-03,39454.0,Real
2001-11-03,41558.0,Real
2001-03-18,41802.0,Real
2001-03-25,42037.0,Real
2001-01-04,42001.0,Real
2001-08-04,41851.0,Real
2001-04-15,41748.0,Real
2001-04-22,41327.0,Real
2001-04-29,41143.0,Real
2001-06-05,41216.0,Real
2001-05-13,41122.0,Real
2001-05-20,41266.0,Real
2001-05-27,41221.0,Real
2001-03-06,40753.0,Real
2001-10-06,40295.0,Real
2001-06-17,39854.0,Real
2001-06-24,38950.0,Real
2001-01-07,38056.0,Real
2001-08-07,37290.0,Real
2001-07-15,36647.0,Real
2001-07-22,35944.0,Real
2001-07-29,35166.0,Real
2001-05-08,34303.0,Real
2001-12-08,33423.0,Real
2001-08-19,32705.0,Real
2001-08-26,31715.0,Real
2001-02-09,30863.0,Real
2001-09-09,30248.0,Real
2001-09-16,29513.0,Real
2001-09-23,29091.0,Real
2001-09-30,28973.0,Real
2001-07-10,28741.0,Real
2001-10-14,28671.0,Real
2001-10-21,28922.0,Real
2001-10-28,29168.0,Real
2001-04-11,28849.0,Real
2001-11-11,28749.0,Real
2001-11-18,28599.0,Real
2001-11-25,28216.0,Real
2001-02-12,27995.0,Real
2001-09-12,27819.0,Real
2001-12-16,27467.0,Real
2001-12-23,27102.0,Real
2001-12-30,27156.0,Real
2002-06-01,27509.0,Real
2002-01-13,27580.0,Real
2002-01-20,27515.0,Real
2002-01-27,28046.0,Real
2002-03-02,28396.0,Real
2002-10-02,28989.0,Real
2002-02-17,29318.0,Real
2002-02-24,29466.0,Real
2002-03-03,29637.0,Real
2002-10-03,29606.0,Real
2002-03-17,30491.0,Real
2002-03-24,31540.0,Real
2002-03-31,31688.0,Real
2002-07-04,31803.0,Real
2002-04-14,32497.0,Real
2002-04-21,32876.0,Real
2002-04-28,32958.0,Real
2002-05-05,32935.0,Real
2002-12-05,33199.0,Real
2002-05-19,33477.0,Real
2002-05-26,33330.0,Real
2002-02-06,32964.0,Real
2002-09-06,32801.0,Real
2002-06-16,32511.0,Real
2002-06-23,31813.0,Real
2002-06-30,31140.0,Real
2002-07-07,30493.0,Real
2002-07-14,29846.0,Real
2002-07-21,29167.0,Real
2002-07-28,28458.0,Real
2002-04-08,27728.0,Real
2002-11-08,27018.0,Real
2002-08-18,26385.0,Real
2002-08-25,25832.0,Real
2002-01-09,25535.0,Real
2002-08-09,25129.0,Real
2002-09-15,24847.0,Real
2002-09-22,24941.0,Real
2002-09-29,24903.0,Real
2002-06-10,24815.0,Real
2002-10-13,24994.0,Real
2002-10-20,25187.0,Real
2002-10-27,25694.0,Real
2002-03-11,25783.0,Real
2002-10-11,25876.0,Real
2002-11-17,26466.0,Real
2002-11-24,27886.0,Real
2002-01-12,29071.0,Real
2002-08-12,29718.0,Real
2002-12-15,30308.0,Real
2002-12-22,32095.0,Real
2002-12-29,33746.0,Real
2003-05-01,34784.0,Real
2003-12-01,35461.0,Real
2003-01-19,35565.0,Real
2003-01-26,37081.0,Real
2003-02-02,37052.0,Real
2003-09-02,36944.0,Real
2003-02-16,36908.0,Real
2003-02-23,37282.0,Real
2003-02-03,39184.0,Real
2003-09-03,39591.0,Real
2003-03-16,39657.0,Real
2003-03-23,39716.0,Real
2003-03-30,40192.0,Real
2003-06-04,40570.0,Real
2003-04-13,40416.0,Real
2003-04-20,41115.0,Real
2003-04-27,41639.0,Real
2003-04-05,41740.0,Real
2003-11-05,41859.0,Real
2003-05-18,41080.0,Real
2003-05-25,40921.0,Real
2003-01-06,40419.0,Real
2003-08-06,39632.0,Real
2003-06-15,38830.0,Real
2003-06-22,38065.0,Real
2003-06-29,37181.0,Real
2003-06-07,36334.0,Real
2003-07-13,35403.0,Real
2003-07-20,34547.0,Real
2003-07-27,33623.0,Real
2003-03-08,32779.0,Real
2003-10-08,32026.0,Real
2003-08-17,31474.0,Real
2003-08-24,31170.0,Real
2003-08-31,31025.0,Real
2003-07-09,30470.0,Real
2003-09-14,29872.0,Real
2003-09-21,29983.0,Real
2003-09-28,29796.0,Real
2003-05-10,29848.0,Real
2003-12-10,30073.0,Real
2003-10-19,31514.0,Real
2003-10-26,32035.0,Real
2003-02-11,32789.0,Real
2003-09-11,33510.0,Real
2003-11-16,34308.0,Real
2003-11-23,35317.0,Real
2003-11-30,36225.0,Real
2003-07-12,35900.0,Real
2003-12-14,35651.0,Real
2003-12-21,36209.0,Real
2003-12-28,36196.0,Real
2004-04-01,36588.0,Real
2004-11-01,36786.0,Real
2004-01-18,37256.0,Real
2004-01-25,37245.0,Real
2004-01-02,36825.0,Real
2004-08-02,36476.0,Real
2004-02-15,37685.0,Real
2004-02-22,37974.0,Real
2004-02-29,38404.0,Real
2004-07-03,38859.0,Real
2004-03-14,38730.0,Real
2004-03-21,39604.0,Real
2004-03-28,40155.0,Real
2004-04-04,40238.0,Real
2004-11-04,40452.0,Real
2004-04-18,40549.0,Real
2004-04-25,40778.0,Real
2004-02-05,40889.0,Real
2004-09-05,40756.0,Real
2004-05-16,40915.0,Real
2004-05-23,40704.0,Real
2004-05-30,40458.0,Real
2004-06-06,39918.0,Real
2004-06-13,39279.0,Real
2004-06-20,38395.0,Real
2004-06-27,37652.0,Real
2004-04-07,36872.0,Real
2004-11-07,36023.0,Real
2004-07-18,35166.0,Real
2004-07-25,34453.0,Real
2004-01-08,33718.0,Real
2004-08-08,33103.0,Real
2004-08-15,32254.0,Real
2004-08-22,31552.0,Real
2004-08-29,31259.0,Real
2004-05-09,30811.0,Real
2004-12-09,30324.0,Real
2004-09-19,29797.0,Real
2004-09-26,29277.0,Real
2004-03-10,28999.0,Real
2004-10-10,29457.0,Real
2004-10-17,30209.0,Real
2004-10-24,30516.0,Real
2004-10-31,30637.0,Real
2004-07-11,30459.0,Real
2004-11-14,30070.0,Real
2004-11-21,29959.0,Real
2004-11-28,29960.0,Real
2004-05-12,29922.0,Real
2004-12-12,30061.0,Real
2004-12-19,30377.0,Real
2004-12-26,30377.0,Real
2005-02-01,30475.0,Real
2005-09-01,30471.0,Real
2005-01-16,30722.0,Real
2005-01-23,30731.0,Real
2005-01-30,30803.0,Real
2005-06-02,30787.0,Real
2005-02-13,30842.0,Real
2005-02-20,30755.0,Real
2005-02-27,30464.0,Real
2005-06-03,30361.0,Real
2005-03-13,30576.0,Real
2005-03-20,31056.0,Real
2005-03-27,31425.0,Real
2005-03-04,31765.0,Real
2005-10-04,31917.0,Real
2005-04-17,32191.0,Real
2005-04-24,32122.0,Real
2005-01-05,31926.0,Real
2005-08-05,31753.0,Real
2005-05-15,31843.0,Real
2005-05-22,31484.0,Real
2005-05-29,31016.0,Real
2005-05-06,30398.0,Real
2005-12-06,29786.0,Real
2005-06-19,28991.0,Real
2005-06-26,28303.0,Real
2005-03-07,27612.0,Real
2005-10-07,26791.0,Real
2005-07-17,25934.0,Real
2005-07-24,25168.0,Real
2005-07-31,24494.0,Real
2005-07-08,23866.0,Real
2005-08-14,23190.0,Real
2005-08-21,22657.0,Real
2005-08-28,22037.0,Real
2005-04-09,21735.0,Real
2005-11-09,21513.0,Real
2005-09-18,21238.0,Real
2005-09-25,20973.0,Real
2005-02-10,20756.0,Real
2005-09-10,20937.0,Real
2005-10-16,21100.0,Real
2005-10-23,21643.0,Real
2005-10-30,22222.0,Real
2005-06-11,22474.0,Real
2005-11-13,23008.0,Real
2005-11-20,23209.0,Real
2005-11-27,23706.0,Real
2005-04-12,24226.0,Real
2005-11-12,24265.0,Real
2005-12-18,24142.0,Real
2005-12-25,24364.0,Real
2006-01-01,24947.0,Real
2006-08-01,25129.0,Real
2006-01-15,25251.0,Real
2006-01-22,25370.0,Real
2006-01-29,25451.0,Real
2006-05-02,25548.0,Real
2006-12-02,25935.0,Real
2006-02-19,26322.0,Real
2006-02-26,26999.0,Real
2006-05-03,27948.0,Real
2006-12-03,28661.0,Real
2006-03-19,30284.0,Real
2006-03-26,30889.0,Real
2006-02-04,30990.0,Real
2006-09-04,31208.0,Real
2006-04-16,31391.0,Real
2006-04-23,31663.0,Real
2006-04-30,31559.0,Real
2006-07-05,31352.0,Real
2006-05-14,31012.0,Real
2006-05-21,30572.0,Real
2006-05-28,30103.0,Real
2006-04-06,29467.0,Real
2006-11-06,28985.0,Real
2006-06-18,28448.0,Real
2006-06-25,27925.0,Real
2006-02-07,27273.0,Real
2006-09-07,26462.0,Real
2006-07-16,25777.0,Real
2006-07-23,24901.0,Real
2006-07-30,24100.0,Real
2006-06-08,23362.0,Real
2006-08-13,22761.0,Real
2006-08-20,22170.0,Real
2006-08-27,21624.0,Real
2006-03-09,21049.0,Real
2006-10-09,20826.0,Real
2006-09-17,20860.0,Real
2006-09-24,20983.0,Real
2006-01-10,20955.0,Real
2006-08-10,20915.0,Real
2006-10-15,21765.0,Real
2006-10-22,24326.0,Real
2006-10-29,25276.0,Real
2006-05-11,25828.0,Real
2006-12-11,26641.0,Real
2006-11-19,28497.0,Real
2006-11-26,29623.0,Real
2006-03-12,30854.0,Real
2006-10-12,30968.0,Real
2006-12-17,30391.0,Real
2006-12-24,30089.0,Real
2006-12-31,29826.0,Real
2007-07-01,29735.0,Real
2007-01-14,29742.0,Real
2007-01-21,29819.0,Real
2007-01-28,30008.0,Real
2007-04-02,30871.0,Real
2007-11-02,32295.0,Real
2007-02-18,32846.0,Real
2007-02-25,32946.0,Real
2007-04-03,32881.0,Real
2007-11-03,32576.0,Real
2007-03-18,32333.0,Real
2007-03-25,32693.0,Real
2007-01-04,33027.0,Real
2007-08-04,33692.0,Real
2007-04-15,33936.0,Real
2007-04-22,34298.0,Real
2007-04-29,34852.0,Real
2007-06-05,35076.0,Real
2007-05-13,35031.0,Real
2007-05-20,35394.0,Real
2007-05-27,35395.0,Real
2007-03-06,35132.0,Real
2007-10-06,35013.0,Real
2007-06-17,34949.0,Real
2007-06-24,34374.0,Real
2007-01-07,33525.0,Real
2007-08-07,32539.0,Real
2007-07-15,31629.0,Real
2007-07-22,30676.0,Real
2007-07-29,29468.0,Real
2007-05-08,28586.0,Real
2007-12-08,27741.0,Real
2007-08-19,27060.0,Real
2007-08-26,26491.0,Real
2007-02-09,25839.0,Real
2007-09-09,25300.0,Real
2007-09-16,24885.0,Real
2007-09-23,24571.0,Real
2007-09-30,24641.0,Real
2007-07-10,24388.0,Real
2007-10-14,23847.0,Real
2007-10-21,23452.0,Real
2007-10-28,23113.0,Real
2007-04-11,22809.0,Real
2007-11-11,22562.0,Real
2007-11-18,22831.0,Real
2007-11-25,22693.0,Real
2007-02-12,22653.0,Real
2007-09-12,22481.0,Real
2007-12-16,22473.0,Real
2007-12-23,22466.0,Real
2007-12-30,22672.0,Real
2008-06-01,22975.0,Real
2008-01-13,23469.0,Real
2008-01-20,23656.0,Real
2008-01-27,23695.0,Real
2008-03-02,23891.0,Real
2008-10-02,23947.0,Real
2008-02-17,24134.0,Real
2008-02-24,24300.0,Real
2008-02-03,24433.0,Real
2008-09-03,24604.0,Real
2008-03-16,24684.0,Real
2008-03-23,25315.0,Real
2008-03-30,25838.0,Real
2008-06-04,27216.0,Real
2008-04-13,28639.0,Real
2008-04-20,30194.0,Real
2008-04-27,30411.0,Real
2008-04-05,30519.0,Real
2008-11-05,31111.0,Real
2008-05-18,31686.0,Real
2008-05-25,32187.0,Real
2008-01-06,32556.0,Real
2008-08-06,32686.0,Real
2008-06-15,32530.0,Real
2008-06-22,32092.0,Real
2008-06-29,31394.0,Real
2008-06-07,30696.0,Real
2008-07-13,30095.0,Real
2008-07-20,29293.0,Real
2008-07-27,28320.0,Real
2008-03-08,27579.0,Real
2008-10-08,26768.0,Real
2008-08-17,26101.0,Real
2008-08-24,25396.0,Real
2008-08-31,24767.0,Real
2008-07-09,24288.0,Real
2008-09-14,23866.0,Real
2008-09-21,23526.0,Real
2008-09-28,23175.0,Real
2008-05-10,23014.0,Real
2008-12-10,22923.0,Real
2008-10-19,22823.0,Real
2008-10-26,23262.0,Real
2008-02-11,23843.0,Real
2008-09-11,23807.0,Real
2008-11-16,23917.0,Real
2008-11-23,24185.0,Real
2008-11-30,24559.0,Real
2008-07-12,25350.0,Real
2008-12-14,25714.0,Real
2008-12-21,25903.0,Real
2008-12-28,25915.0,Real
2009-04-01,26120.0,Real
2009-11-01,26354.0,Real
2009-01-18,27633.0,Real
2009-01-25,29137.0,Real
2009-01-02,30698.0,Real
2009-08-02,31568.0,Real
2009-02-15,31762.0,Real
2009-02-22,31680.0,Real
2009-01-03,32207.0,Real
2009-08-03,32661.0,Real
2009-03-15,32802.0,Real
2009-03-22,32739.0,Real
2009-03-29,32680.0,Real
2009-05-04,32921.0,Real
2009-12-04,33390.0,Real
2009-04-19,33427.0,Real
2009-04-26,33410.0,Real
2009-03-05,33301.0,Real
2009-10-05,33362.0,Real
2009-05-17,33321.0,Real
2009-05-24,33106.0,Real
2009-05-31,32722.0,Real
2009-07-06,32503.0,Real
2009-06-14,31967.0,Real
2009-06-21,31399.0,Real
2009-06-28,30665.0,Real
2009-05-07,29983.0,Real
2009-12-07,29190.0,Real
2009-07-19,28411.0,Real
2009-07-26,27496.0,Real
2009-02-08,26794.0,Real
2009-09-08,26168.0,Real
2009-08-16,25437.0,Real
2009-08-23,24717.0,Real
2009-08-30,24129.0,Real
2009-06-09,23637.0,Real
2009-09-13,23413.0,Real
2009-09-20,23191.0,Real
2009-09-27,22949.0,Real
2009-04-10,22782.0,Real
2009-11-10,22547.0,Real
2009-10-18,22611.0,Real
2009-10-25,22498.0,Real
2009-01-11,22547.0,Real
2009-08-11,23065.0,Real
2009-11-15,23354.0,Real
2009-11-22,23312.0,Real
2009-11-29,23899.0,Real
2009-06-12,24287.0,Real
2009-12-13,24213.0,Real
2009-12-20,27662.0,Real
2009-12-27,31945.0,Real
2010-03-01,34376.0,Real
2010-10-01,36644.0,Real
2010-01-17,37532.0,Real
2010-01-24,37736.0,Real
2010-01-31,37928.0,Real
2010-07-02,38369.0,Real
2010-02-14,39954.0,Real
2010-02-21,42711.0,Real
2010-02-28,44052.0,Real
2010-07-03,44364.0,Real
2010-03-14,44507.0,Real
2010-03-21,45140.0,Real
2010-03-28,45572.0,Real
2010-04-04,45569.0,Real
2010-11-04,45650.0,Real
2010-04-18,45978.0,Real
2010-04-25,46198.0,Real
2010-02-05,46458.0,Real
2010-09-05,46684.0,Real
2010-05-16,46650.0,Real
2010-05-23,46541.0,Real
2010-05-30,46114.0,Real
2010-06-06,46262.0,Real
2010-06-13,46395.0,Real
2010-06-20,46024.0,Real
2010-06-27,45416.0,Real
2010-04-07,44658.0,Real
2010-11-07,43843.0,Real
2010-07-18,43036.0,Real
2010-07-25,42164.0,Real
2010-01-08,41350.0,Real
2010-08-08,40549.0,Real
2010-08-15,39767.0,Real
2010-08-22,38991.0,Real
2010-08-29,38318.0,Real
2010-05-09,37643.0,Real
2010-12-09,37193.0,Real
2010-09-19,36783.0,Real
2010-09-26,36473.0,Real
2010-03-10,36383.0,Real
2010-10-10,36404.0,Real
2010-10-17,36141.0,Real
2010-10-24,36108.0,Real
2010-10-31,36136.0,Real
2010-07-11,36490.0,Real
2010-11-14,36998.0,Real
2010-11-21,37167.0,Real
2010-11-28,38194.0,Real
2010-05-12,40222.0,Real
2010-12-12,40187.0,Real
2010-12-19,41160.0,Real
2010-12-26,41427.0,Real
2011-02-01,42987.0,Real
2011-09-01,43353.0,Real
2011-01-16,43076.0,Real
2011-01-23,42529.0,Real
2011-01-30,42302.0,Real
2011-06-02,42040.0,Real
2011-02-13,43016.0,Real
2011-02-20,44220.0,Real
2011-02-27,44313.0,Real
2011-06-03,44195.0,Real
2011-03-13,45158.0,Real
2011-03-20,45469.0,Real
2011-03-27,45724.0,Real
2011-03-04,45788.0,Real
2011-10-04,45541.0,Real
2011-04-17,45544.0,Real
2011-04-24,45710.0,Real
2011-01-05,45903.0,Real
2011-08-05,45914.0,Real
2011-05-15,45670.0,Real
2011-05-22,45294.0,Real
2011-05-29,45030.0,Real
2011-05-06,44926.0,Real
2011-12-06,44438.0,Real
2011-06-19,43702.0,Real
2011-06-26,42857.0,Real
2011-03-07,42075.0,Real
2011-10-07,41293.0,Real
2011-07-17,40446.0,Real
2011-07-24,39734.0,Real
2011-07-31,38950.0,Real
2011-07-08,38235.0,Real
2011-08-14,37352.0,Real
2011-08-21,36637.0,Real
2011-08-28,36088.0,Real
2011-04-09,35600.0,Real
2011-11-09,35073.0,Real
2011-09-18,34616.0,Real
2011-09-25,34172.0,Real
2011-02-10,33756.0,Real
2011-09-10,33328.0,Real
2011-10-16,32933.0,Real
2011-10-23,33032.0,Real
2011-10-30,33793.0,Real
2011-06-11,34210.0,Real
2011-11-13,34658.0,Real
2011-11-20,34781.0,Real
2011-11-27,34577.0,Real
2011-04-12,34367.0,Real
2011-11-12,34447.0,Real
2011-12-18,34533.0,Real
2011-12-25,34536.0,Real
2012-01-01,34588.0,Real
2012-08-01,34469.0,Real
2012-01-15,34396.0,Real
2012-01-22,34350.0,Real
2012-01-29,34330.0,Real
2012-05-02,34501.0,Real
2012-12-02,34705.0,Real
2012-02-19,34758.0,Real
2012-02-26,34764.0,Real
2012-04-03,34724.0,Real
2012-11-03,34525.0,Real
2012-03-18,34452.0,Real
2012-03-25,34304.0,Real
2012-01-04,34354.0,Real
2012-08-04,34458.0,Real
2012-04-15,34936.0,Real
2012-04-22,35470.0,Real
2012-04-29,36404.0,Real
2012-06-05,37131.0,Real
2012-05-13,37116.0,Real
2012-05-20,37083.0,Real
2012-05-27,36755.0,Real
2012-03-06,36303.0,Real
2012-10-06,35773.0,Real
2012-06-17,35056.0,Real
2012-06-24,34009.0,Real
2012-01-07,33259.0,Real
2012-08-07,32501.0,Real
2012-07-15,31597.0,Real
2012-07-22,30754.0,Real
2012-07-29,29892.0,Real
2012-05-08,29025.0,Real
2012-12-08,28184.0,Real
2012-08-19,27450.0,Real
2012-08-26,26797.0,Real
2012-02-09,26219.0,Real
2012-09-09,25682.0,Real
2012-09-16,25209.0,Real
2012-09-23,25176.0,Real
2012-09-30,25065.0,Real
2012-07-10,24777.0,Real
2012-10-14,25226.0,Real
2012-10-21,25836.0,Real
2012-10-28,26717.0,Real
2012-04-11,27960.0,Real
2012-11-11,28322.0,Real
2012-11-18,28666.0,Real
2012-11-25,28981.0,Real
2012-02-12,29272.0,Real
2012-09-12,29942.0,Real
2012-12-16,30783.0,Real
2012-12-23,30872.0,Real
2012-12-30,30969.0,Real
2013-06-01,30976.0,Real
2013-01-13,32588.0,Real
2013-01-20,34528.0,Real
2013-01-27,35774.0,Real
2013-03-02,36106.0,Real
2013-10-02,36520.0,Real
2013-02-17,37267.0,Real
2013-02-24,37497.0,Real
2013-03-03,40684.0,Real
2013-10-03,42371.0,Real
2013-03-17,43147.0,Real
2013-03-24,45327.0,Real
2013-03-31,46408.0,Real
2013-07-04,46796.0,Real
2013-04-14,47040.0,Real
2013-04-21,47117.0,Real
2013-04-28,47469.0,Real
2013-05-05,47392.0,Real
2013-12-05,47441.0,Real
2013-05-19,47444.0,Real
2013-05-26,47306.0,Real
2013-02-06,47091.0,Real
2013-09-06,46877.0,Real
2013-06-16,46585.0,Real
2013-06-23,46150.0,Real
2013-06-30,45462.0,Real
2013-07-07,44754.0,Real
2013-07-14,44195.0,Real
2013-07-21,43234.0,Real
2013-07-28,42405.0,Real
2013-04-08,41634.0,Real
2013-11-08,40853.0,Real
2013-08-18,40018.0,Real
2013-08-25,39383.0,Real
2013-01-09,38751.0,Real
2013-08-09,38075.0,Real
2013-09-15,37469.0,Real
2013-09-22,36879.0,Real
2013-09-29,36817.0,Real
2013-06-10,36581.0,Real
2013-10-13,36313.0,Real
2013-10-20,36782.0,Real
2013-10-27,36722.0,Real
2013-03-11,36988.0,Real
2013-10-11,36825.0,Real
2013-11-17,36761.0,Real
2013-11-24,36377.0,Real
2013-01-12,36003.0,Real
2013-08-12,35715.0,Real
2013-12-15,35531.0,Real
2013-12-22,36912.0,Real
2013-12-29,39002.0,Real
2014-05-01,40401.0,Real
2014-12-01,41092.0,Real
2014-01-19,41881.0,Real
2014-01-26,42521.0,Real
2014-02-02,44090.0,Real
2014-09-02,45614.0,Real
2014-02-16,45438.0,Real
2014-02-23,45663.0,Real
2014-02-03,46161.0,Real
2014-09-03,45803.0,Real
2014-03-16,45477.0,Real
2014-03-23,45287.0,Real
2014-03-30,46253.0,Real
2014-06-04,46518.0,Real
2014-04-13,46421.0,Real
2014-04-20,46380.0,Real
2014-04-27,46331.0,Real
2014-04-05,46057.0,Real
2014-11-05,45748.0,Real
2014-05-18,45715.0,Real
2014-05-25,45698.0,Real
2014-01-06,45431.0,Real
2014-08-06,44965.0,Real
2014-06-15,44404.0,Real
2014-06-22,43828.0,Real
2014-06-29,43409.0,Real
2014-06-07,42866.0,Real
2014-07-13,41933.0,Real
2014-07-20,40888.0,Real
2014-07-27,39966.0,Real
2014-03-08,39017.0,Real
2014-10-08,38248.0,Real
2014-08-17,37442.0,Real
2014-08-24,36562.0,Real
2014-08-31,35710.0,Real
2014-07-09,35173.0,Real
2014-09-14,34991.0,Real
2014-09-21,34804.0,Real
2014-09-28,35074.0,Real
2014-05-10,35252.0,Real
2014-12-10,35796.0,Real
2014-10-19,35643.0,Real
2014-10-26,35344.0,Real
2014-02-11,35494.0,Real
2014-09-11,36649.0,Real
2014-11-16,37086.0,Real
2014-11-23,37993.0,Real
2014-11-30,38605.0,Real
2014-07-12,38940.0,Real
2014-12-14,39214.0,Real
2014-12-21,39350.0,Real
2014-12-28,39507.0,Real
2015-04-01,39219.0,Real
2015-11-01,39275.0,Real
2015-01-18,39561.0,Real
2015-01-25,40425.0,Real
2015-01-02,41311.0,Real
2015-08-02,41368.0,Real
2015-02-15,41911.0,Real
2015-02-22,42414.0,Real
2015-01-03,42862.0,Real
2015-08-03,42526.0,Real
2015-03-15,42735.0,Real
2015-03-22,43397.0,Real
2015-03-29,43695.0,Real
2015-05-04,43624.0,Real
2015-12-04,43745.0,Real
2015-04-19,43808.0,Real
2015-04-26,44028.0,Real
2015-03-05,44192.0,Real
2015-10-05,43687.0,Real
2015-05-17,43130.0,Real
2015-05-24,42528.0,Real
2015-05-31,41745.0,Real
2015-07-06,41337.0,Real
2015-06-14,41112.0,Real
2015-06-21,40284.0,Real
2015-06-28,39284.0,Real
2015-05-07,38434.0,Real
2015-12-07,37255.0,Real
2015-07-19,36400.0,Real
2015-07-26,35641.0,Real
2015-02-08,34857.0,Real
2015-09-08,34122.0,Real
2015-08-16,33503.0,Real
2015-08-23,32929.0,Real
2015-08-30,32366.0,Real
2015-06-09,31941.0,Real
2015-09-13,31781.0,Real
2015-09-20,31336.0,Real
2015-09-27,30858.0,Real
2015-04-10,30809.0,Real
2015-11-10,30783.0,Real
2015-10-18,30759.0,Real
2015-10-25,31052.0,Real
2015-01-11,31718.0,Real
2015-08-11,31563.0,Real
2015-11-15,31295.0,Real
2015-11-22,31441.0,Real
2015-11-29,31319.0,Real
2015-06-12,31213.0,Real
2015-12-13,31167.0,Real
2015-12-20,31118.0,Real
2015-12-27,31450.0,Real
2016-03-01,31450.0,Real
2016-10-01,33504.0,Real
2016-01-17,35318.0,Real
2016-01-24,35519.0,Real
2016-01-31,35600.0,Real
2016-07-02,35497.0,Real
2016-02-14,36852.0,Real
2016-02-21,37478.0,Real
2016-02-28,37588.0,Real
2016-06-03,37924.0,Real
2016-03-13,38003.0,Real
2016-03-20,37897.0,Real
2016-03-27,38211.0,Real
2016-03-04,38697.0,Real
2016-10-04,39124.0,Real
2016-04-17,39709.0,Real
2016-04-24,40637.0,Real
2016-01-05,40628.0,Real
2016-08-05,40707.0,Real
2016-05-15,42188.0,Real
2016-05-22,42141.0,Real
2016-05-29,41931.0,Real
2016-05-06,41702.0,Real
2016-12-06,41238.0,Real
2016-06-19,40771.0,Real
2016-06-26,40143.0,Real
2016-03-07,39424.0,Real
2016-10-07,38628.0,Real
2016-07-17,37841.0,Real
2016-07-24,36831.0,Real
2016-07-31,35898.0,Real
2016-07-08,34778.0,Real
2016-08-14,33891.0,Real
2016-08-21,33242.0,Real
2016-08-28,32351.0,Real
2016-04-09,31252.0,Real
2016-11-09,30324.0,Real
2016-09-18,29745.0,Real
2016-09-25,29197.0,Real
2016-02-10,28749.0,Real
2016-09-10,28266.0,Real
2016-10-16,27736.0,Real
2016-10-23,27318.0,Real
2016-10-30,27141.0,Real
2016-06-11,27002.0,Real
2016-11-13,27009.0,Real
2016-11-20,26928.0,Real
2016-11-27,28167.0,Real
2016-04-12,28547.0,Real
2016-11-12,28685.0,Real
2016-12-18,28692.0,Real
2016-12-25,28599.0,Real
2017-01-01,28580.0,Real
2017-08-01,28432.0,Real
2017-01-15,28327.0,Real
2017-01-22,28373.0,Real
2017-01-29,28028.0,Real
2017-05-02,29147.0,Real
2017-12-02,30407.0,Real
2017-02-19,32044.0,Real
2017-02-26,32476.0,Real
2017-05-03,32740.0,Real
2017-12-03,33032.0,Real
2017-03-19,33174.0,Real
2017-03-26,33064.0,Real
2017-02-04,33303.0,Real
2017-09-04,33313.0,Real
2017-04-16,33082.0,Real
2017-04-23,32800.0,Real
2017-04-30,32521.0,Real
2017-07-05,32301.0,Real
2017-05-14,32422.0,Real
2017-05-21,32344.0,Real
2017-05-28,32000.0,Real
2017-04-06,31618.0,Real
2017-11-06,31309.0,Real
2017-06-18,30678.0,Real
2017-06-25,29928.0,Real
2017-02-07,29407.0,Real
2017-09-07,28792.0,Real
2017-07-16,28242.0,Real
2017-07-23,27485.0,Real
2017-07-30,26826.0,Real
2017-06-08,26004.0,Real
2017-08-13,25200.0,Real
2017-08-20,24607.0,Real
2017-08-27,23985.0,Real
2017-03-09,23522.0,Real
2017-10-09,23030.0,Real
2017-09-17,22531.0,Real
2017-09-24,22053.0,Real
2017-01-10,21786.0,Real
2017-08-10,21484.0,Real
2017-10-15,21227.0,Real
2017-10-22,21169.0,Real
2017-10-29,21024.0,Real
2017-05-11,20920.0,Real
2017-12-11,20873.0,Real
2017-11-19,20768.0,Real
2017-11-26,20575.0,Real
2017-03-12,20446.0,Real
2017-10-12,20475.0,Real
2017-12-17,21106.0,Real
2017-12-24,21391.0,Real
2017-12-31,21832.0,Real
2018-07-01,22632.0,Real
2018-01-14,23065.0,Real
2018-01-21,23254.0,Real
2018-01-28,23508.0,Real
2018-04-02,23618.0,Real
2018-11-02,23526.0,Real
2018-02-18,24077.0,Real
2018-02-25,24413.0,Real
2018-04-03,26307.0,Real
2018-11-03,30120.0,Real
2018-03-18,33729.0,Real
2018-03-25,34979.0,Real
2018-01-04,35781.0,Real
2018-08-04,36628.0,Real
2018-04-15,38461.0,Real
2018-04-22,39690.0,Real
2018-04-29,39850.0,Real
2018-06-05,40109.0,Real
2018-05-13,40221.0,Real
2018-05-20,40257.0,Real
2018-05-27,40287.0,Real
2018-03-06,40591.0,Real
2018-10-06,40846.0,Real
2018-06-17,40868.0,Real
2018-06-24,40328.0,Real
2018-01-07,39603.0,Real
2018-08-07,38935.0,Real
2018-07-15,38254.0,Real
2018-07-22,37501.0,Real
2018-07-29,36481.0,Real
2018-05-08,35574.0,Real
2018-12-08,34787.0,Real
2018-08-19,34051.0,Real
2018-08-26,33180.0,Real
2018-02-09,32279.0,Real
2018-09-09,31643.0,Real
2018-09-16,31006.0,Real
2018-09-23,30363.0,Real
2018-09-30,29794.0,Real
2018-07-10,29309.0,Real
2018-10-14,29001.0,Real
2018-10-21,29371.0,Real
2018-10-28,29186.0,Real
2018-04-11,29307.0,Real
2018-11-11,29885.0,Real
2018-11-18,30107.0,Real
2018-11-25,30367.0,Real
2018-02-12,30741.0,Real
2018-09-12,30755.0,Real
2018-12-16,30804.0,Real
2018-12-23,31040.0,Real
2018-12-30,30935.0,Real
2019-06-01,30739.0,Real
2019-01-13,30548.0,Real
2019-01-20,30261.0,Real
2019-01-27,30718.0,Real
2019-03-02,31982.0,Real
2019-10-02,32571.0,Real
2019-02-17,32801.0,Real
2019-02-24,32846.0,Real
2019-03-03,32554.0,Real
2019-10-03,32936.0,Real
2019-03-17,32845.0,Real
2019-03-24,32627.0,Real
2019-03-31,32407.0,Real
2019-07-04,32213.0,Real
2019-04-14,32389.0,Real
2019-04-21,32788.0,Real
2019-04-28,33614.0,Real
2019-05-05,34033.0,Real
2019-12-05,34043.0,Real
2019-05-19,33944.0,Real
2019-05-26,33852.0,Real
2019-02-06,33587.0,Real
2019-09-06,33271.0,Real
2019-06-16,32814.0,Real
2019-06-23,32241.0,Real
2019-06-30,31591.0,Real
2019-07-07,30745.0,Real
2019-07-14,30181.0,Real
2019-07-21,29342.0,Real
2019-07-28,28448.0,Real
2019-04-08,27716.0,Real
2019-11-08,27024.0,Real
2019-08-18,26232.0,Real
2019-08-25,25659.0,Real
2019-01-09,24991.0,Real
2019-08-09,24328.0,Real
2019-09-15,23798.0,Real
2019-09-22,23383.0,Real
2019-09-29,23038.0,Real
2019-06-10,22656.0,Real
2019-10-13,22344.0,Real
2019-10-20,22313.0,Real
2019-10-27,22605.0,Real
2019-03-11,22713.0,Real
2019-10-11,23243.0,Real
2019-11-17,24251.0,Real
2019-11-24,25104.0,Real
2019-01-12,26233.0,Real
2019-08-12,26463.0,Real
2019-12-15,26955.0,Real
2019-12-22,30972.0,Real
2019-12-29,31817.0,Real
2020-05-01,31740.0,Real
2020-12-01,31480.0,Real
2020-01-19,31384.0,Real
2020-01-26,31927.0,Real
2020-02-02,32760.0,Real
2020-09-02,33000.0,Real
2020-02-16,32916.0,Real
2020-02-23,32738.0,Real
2020-01-03,32551.0,Real
2020-08-03,33234.0,Real
2020-03-15,33296.0,Real
2020-03-22,33840.0,Real
2020-03-29,33868.0,Real
2020-05-04,34366.0,Real
2020-12-04,34877.0,Real
2020-04-19,35856.0,Real
2020-04-26,36396.0,Real
2020-03-05,36953.0,Real
2020-10-05,36945.0,Real
2020-05-17,37280.0,Real
2020-05-24,37361.0,Real
2020-05-31,37120.0,Real
2020-07-06,36806.0,Real
2020-06-14,36607.0,Real
2020-06-21,36192.0,Real
2020-06-28,35586.0,Real
2020-05-07,34896.0,Real
2020-12-07,34244.0,Real
2020-07-19,33493.0,Real
2020-07-26,32630.0,Real
2020-02-08,31591.0,Real
2020-09-08,30458.0,Real
2020-08-16,30002.0,Real
2020-08-23,29111.0,Real
2020-08-30,28283.0,Real
2020-06-09,27600.0,Real
2020-09-13,26892.0,Real
2020-09-20,26296.0,Real
2020-09-27,25868.0,Real
2020-04-10,25845.0,Real
2020-11-10,25632.0,Real
2020-10-18,25278.0,Real
2020-10-25,25935.0,Real
2020-01-11,26062.0,Real
2020-08-11,26395.0,Real
2020-11-15,26504.0,Real
2020-11-22,26405.0,Real
2020-11-29,26274.0,Real
2020-06-12,26235.0,Real
2020-12-13,27266.0,Real
2020-12-20,28078.0,Real
2020-12-27,28486.0,Real
2021-03-01,28692.0,Real
2021-10-01,28692.0,Real
2021-01-17,28381.0,Real
2021-01-24,27957.0,Real
2021-01-31,29160.0,Real
2021-07-02,30941.0,Real
2021-02-14,32482.0,Real
2021-02-21,34827.0,Real
2021-02-28,35592.0,Real
2021-07-03,35991.0,Real
2021-03-14,36018.0,Real
2021-03-21,35888.0,Real
2021-03-28,35877.0,Real
2021-04-04,35378.0,Real
2021-11-04,35248.0,Real
2021-04-18,34891.0,Real
2021-04-25,34458.0,Real
2021-02-05,34047.0,Real
2021-09-05,34036.0,Real
2021-05-16,33926.0,Real
2021-05-23,34075.0,Real
2021-05-30,33875.0,Real
2021-06-06,33363.0,Real
2021-06-13,33098.0,Real
2021-06-20,32611.0,Real
2021-06-27,32266.0,Real
2021-04-07,31851.0,Real
2021-11-07,30974.0,Real
2021-07-18,29857.0,Real
2021-07-25,28877.0,Real
2021-01-08,27958.0,Real
2021-08-08,27092.0,Real
2021-08-15,26289.0,Real
2021-08-22,25353.0,Real
2021-08-29,24571.0,Real
2021-05-09,23823.0,Real
2021-12-09,23332.0,Real
2021-09-19,22868.0,Real
2021-09-26,22646.0,Real
2021-03-10,22537.0,Real
2021-10-10,22422.0,Real
2021-10-17,22252.0,Real
2021-10-24,22015.0,Real
2021-10-31,21786.0,Real
2021-07-11,21897.0,Real
2021-11-14,22205.0,Real
2021-11-21,22108.0,Real
2021-11-28,21929.0,Real
2021-05-12,21999.0,Real
2021-12-12,22456.0,Real
2021-12-19,23482.0,Real
2021-12-26,23725.0,Real
2022-02-01,23960.0,Real
2022-09-01,24552.0,Real
2022-01-16,24911.0,Real
2022-01-23,25417.0,Real
2022-01-30,25335.0,Real
2022-06-02,25130.0,Real
2022-02-13,25042.0,Real
2022-02-20,24882.0,Real
2022-02-27,24868.0,Real
2022-06-03,24705.0,Real
2022-03-13,24619.0,Real
2022-03-20,24752.0,Real
2022-03-27,25214.0,Real
2022-03-04,26282.0,Real
2022-10-04,26620.0,Real
2022-04-17,26834.0,Real
2022-04-24,27244.0,Real
2022-01-05,27844.0,Real
2022-08-05,28379.0,Real
2022-05-15,28452.0,Real
2022-05-22,28301.0,Real
2022-05-29,28105.0,Real
2022-05-06,27814.0,Real
2022-12-06,27489.0,Real
2022-06-19,27040.0,Real
2022-06-26,26437.0,Real
2022-03-07,25968.0,Real
2022-10-07,25440.0,Real
2022-07-17,24917.0,Real
2022-07-24,24260.0,Real
2022-07-31,23521.0,Real
2022-07-08,22689.0,Real
2022-08-14,21996.0,Real
2022-08-21,21291.0,Real
2022-08-28,20702.0,Real
2022-04-09,20174.0,Real
2022-11-09,19671.0,Real
2022-09-18,19209.0,Real
2022-09-25,18810.0,Real
2022-02-10,18269.0,Real
2022-09-10,17944.0,Real
2022-10-16,17747.0,Real
2022-10-23,17599.0,Real
2022-10-30,17819.0,Real
2022-06-11,18038.0,Real
2022-11-13,18158.0,Real
2022-11-20,18249.0,Real
2022-11-27,18444.0,Real
2022-04-12,19241.0,Real
2022-11-12,20021.0,Real
2022-12-18,23552.0,Real
2022-12-25,25193.0,Real
2023-01-01,25977.0,Real
2023-08-01,26701.0,Real
2023-01-15,27190.0,Real
2023-01-22,28533.0,Real
2023-01-29,28775.0,Real
2023-05-02,28590.0,Real
2023-12-02,28401.0,Real
2023-02-19,28356.0,Real
2023-02-26,28455.0,Real
2023-05-03,28295.0,Real
2023-12-03,28295.0,Real
2023-03-19,28971.0,Real
2023-03-26,29012.0,Real
2023-02-04,28889.0,Real
2023-09-04,28665.0,Real
2023-04-16,28665.0,Real
2023-04-23,28074.0,Real
2023-04-30,27823.0,Real
2023-07-05,27417.0,Real
2023-05-14,27033.0,Real
2023-05-21,25161.0,Pred
2023-05-28,24996.0,Pred
2023-06-04,24921.0,Pred
2023-06-11,24734.0,Pred
2023-06-18,24755.0,Pred
2023-06-25,25802.0,Pred
2023-07-02,26671.0,Pred
2023-07-09,26520.0,Pred
2023-07-16,26183.0,Pred
2023-07-23,25743.0,Pred
2023-07-30,25061.0,Pred
2023-08-06,24427.0,Pred
2023-08-13,23734.0,Pred
2023-08-20,22915.0,Pred
2023-08-27,22251.0,Pred
2023-09-03,21436.0,Pred
2023-09-10,20739.0,Pred
2023-09-17,20100.0,Pred
2023-09-24,19478.0,Pred
2023-10-01,18936.0,Pred
2023-10-08,18398.0,Pred
2023-10-15,17846.0,Pred
2023-10-22,17455.0,Pred
2023-10-29,17291.0,Pred
2023-11-05,17226.0,Pred
2023-11-12,17100.0,Pred
2023-11-19,17294.0,Pred
2023-11-26,17332.0,Pred
2023-12-03,17421.0,Pred
2023-12-10,17958.0,Pred
2023-12-17,18671.0,Pred
2023-12-24,18606.0,Pred
2023-12-31,18459.0,Pred
2024-01-07,18280.0,Pred
2024-01-14,18297.0,Pred
2024-01-21,18212.0,Pred
2024-01-28,18232.0,Pred
2024-02-04,18877.0,Pred
2024-02-11,19381.0,Pred
2024-02-18,19585.0,Pred
2024-02-25,19863.0,Pred
2024-03-03,20390.0,Pred
2024-03-10,20520.0,Pred
2024-03-17,20638.0,Pred
2024-03-24,21764.0,Pred
2024-03-31,22013.0,Pred
2024-04-07,22216.0,Pred
2024-04-14,22530.0,Pred
2024-04-21,22495.0,Pred
2024-04-28,22266.0,Pred
2024-05-05,21991.0,Pred
2024-05-12,21690.0,Pred
2024-05-19,21326.0,Pred
2024-05-26,20965.0,Pred
2024-06-02,20755.0,Pred
2024-06-09,20628.0,Pred
2024-06-16,20467.0,Pred
2024-06-23,20533.0,Pred
2024-06-30,20334.0,Pred
2024-07-07,19958.0,Pred
2024-07-14,19670.0,Pred
2024-07-21,19264.0,Pred
2024-07-28,18829.0,Pred
